{
    "type": "origins:multiple",
    "shield": {
        "type": "origins:prevent_item_use",
        "item_condition": {
            "type": "origins:ingredient",
            "ingredient": {
                "tag": "origins:shields"
            }
        }
    },
    "armor": {
        "type": "origins:restrict_armor",
        "head": {
            "type": "origins:or",
            "conditions": [
                {
                    "type": "origins:ingredient",
                    "ingredient":{
                        "item": "minecraft:golden_helmet"
                    }
                },
                {
                    "type": "origins:ingredient",
                    "ingredient":{
                        "item": "minecraft:diamond_helmet"
                    }
                }
            ],
            "inverted": true
        },
        "chest": {
            "type": "origins:or",
            "conditions": [
                {
                    "type": "origins:ingredient",
                    "ingredient":{
                        "item": "minecraft:golden_chestplate"
                    }
                },
                {
                    "type": "origins:ingredient",
                    "ingredient":{
                        "item": "minecraft:diamond_chestplate"
                    }
                }
            ],
            "inverted": true
        },
        "legs": {
            "type": "origins:or",
            "conditions": [
                {
                    "type": "origins:ingredient",
                    "ingredient":{
                        "item": "minecraft:golden_leggings"
                    }
                },
                {
                    "type": "origins:ingredient",
                    "ingredient":{
                        "item": "minecraft:diamond_leggings"
                    }
                }
            ],
            "inverted": true
        },
        "feet": {
            "type": "origins:or",
            "conditions": [
                {
                    "type": "origins:ingredient",
                    "ingredient":{
                        "item": "minecraft:golden_boots"
                    }
                },
                {
                    "type": "origins:ingredient",
                    "ingredient":{
                        "item": "minecraft:diamond_boots"
                    }
                }
            ],
            "inverted": true
        }
    },
    "name": "Restricted Fighting",
    "description": "You cannot wield a shield and anything but gold and diamond armor."
}