{
    "type": "origins:active_self",
    "entity_action": {
        "type": "origins:if_else_list",
        "actions": [
            {
                "condition": {
                    "type": "origins:dimension",
                    "dimension": "minecraft:the_nether"
                },
                "action": {
                    "type": "origins:execute_command",
                    "command": "execute in minecraft:overworld run teleport @s ~ ~ ~",
                    "permission_level": 4
                }
            },
            {
                "condition": {
                    "type": "origins:dimension",
                    "dimension": "minecraft:overworld"
                },
                "action": {
                    "type": "origins:execute_command",
                    "command": "execute in minecraft:the_nether run teleport @s ~ ~ ~",
                    "permission_level": 4
                }
            }
        ]
    },
    "key": "key.origins.secondary_active",
    "cooldown": 1200,
    "hud_render": {
        "bar_index": 9,
        "should_render": true,
        "sprite_location": "origins:textures/gui/community/spiderkolo/resource_bar_03.png"
    },
    "name": "Fast travel",
    "description": "You can switch between the underworld (nether) and overworld with secondary key, cooldown of 1 minute."
}