{
    "type": "origins:restrict_armor",
    "name": "Lightweight",
    "description": "Due to your size, you can only wear leather armor.",
    "head": {
        "type": "origins:ingredient",
        "ingredient": {
            "item": "minecraft:leather_helmet"
        },
        "inverted": true
    },
    "chest": {
        "type": "origins:ingredient",
        "ingredient": {
            "item": "minecraft:leather_chestplate"
        },
        "inverted": true
    },
    "legs": {
        "type": "origins:ingredient",
        "ingredient": {
            "item": "minecraft:leather_leggings"
        },
        "inverted": true
    },
    "feet": {
        "type": "origins:ingredient",
        "ingredient": {
            "item": "minecraft:leather_boots"
        },
        "inverted": true
    }
}