{
    "type": "origins:walk_on_fluid",
    "name": "Water walk",
    "description": "You can walk on water.",
    "fluid": "water",
    "condition": {
        "type": "origins:and",
        "conditions": [
            {
                "type": "origins:sneaking",
                "inverted": true
            },
            {
                "type": "origins:fluid_height",
                "fluid": "minecraft:water",
                "comparison": "<=",
                "compare_to": 0.4
            }
        ]
    }
}