{
	"powers": [
		"traveler:tiny",
		"traveler:climbing",
		"traveler:inventory",
		"traveler:water_walk",
		"origins:fall_immunity",
		"traveler:no_sleep",
		"traveler:lightweight",
		"traveler:squishy",
		"traveler:no_elytra",
		"traveler:water_resource",
		"traveler:water_drain",
		"traveler:sight",
        "traveler:fast_travel"
	],
	"icon": "minecraft:grass_block",
	"order": 11,
	"impact": 2,
	"name": "Upgraded Traveler",
	"description": "A small traveler adept at traversing the world. With easy access to the nether.",
    "unchoosable": true
}
